Entry,Level1,Level2,Level3,Level4,Level5,Level6,Level7,Level8,Level10,Level11,Level12,Level9,AveWRMSSE
phdinds2024,0.5502233780150557,0.6426648399137538,0.8393486287733846,0.6469301659242289,0.7206268952304807,0.7083074749749858,0.7980672932751173,0.9000055527093302,1.2742673980400276,1.1900034946181992,1.141116451190625,0.9789536681679601,0.8658762700694291
