Entry,Level1,Level2,Level3,Level4,Level5,Level6,Level7,Level8,Level10,Level11,Level12,Level9,AveWRMSSE
phdinds2024,0.2526620753345904,0.35837540841111665,0.48190249092234694,0.3571634201811934,0.4548323534434318,0.4661212245676507,0.5692690071388699,0.581130672169116,1.283456937530242,1.198083820557316,1.147574001066386,0.707472908798295,0.6548370266767128
